ユーザー名	アカウントID	希望キャスト１	希望キャスト２	希望キャスト３
佐藤ほのか	@vrc_0000	AAA	YYY	CCC
鈴木ひまり	@game_0001	JJJ	YYY	
高橋そうた	@play_0002	YYY		
田中しょうた	@star_0003	QQQ	FFF	GGG
伊藤ゆうな	@moon_0004	QQQ		
渡辺ことね	@sun_0005	DDD	FFF	
山本みなと	@sky_0006	BBB		
中村けんた	@cat_0007	YYY	DDD	GGG
小林そうま	@fox_0008	FFF	CCC	
加藤はるか	@bear_0009	AAA	UUU	HHH
吉田そら	@vrc_0010	GGG		
山田ゆい	@game_0011	JJJ	BBB	
佐々木りく	@play_0012	WWW	QQQ	HHH
松本さくら	@star_0013	WWW	HHH	
井上あやね	@moon_0014	CCC	UUU	
木村こうき	@sun_0015	KKK		
林みさき	@sky_0016	TTT	GGG	
清水あいり	@cat_0017	CCC		
山口たくみ	@fox_0018	FFF	HHH	WWW
阿部こうへい	@bear_0019	YYY	QQQ	
池田かなで	@vrc_0020	BBB		
橋本のぞみ	@game_0021	QQQ	HHH	BBB
石川ましろ	@play_0022	GGG	CCC	KKK
前田あかり	@star_0023	WWW	JJJ	TTT
藤田れいな	@moon_0024	RRR	CCC	
小川だいき	@sun_0025	RRR	TTT	QQQ
後藤つむぎ	@sky_0026	JJJ	DDD	YYY
岡田めい	@cat_0027	KKK	GGG	
長谷川ふうか	@fox_0028	TTT	RRR	
村上りお	@bear_0029	BBB	RRR	WWW
近藤ひなた	@vrc_0030	UUU	AAA	BBB
石井しゅん	@game_0031	UUU	WWW	GGG
斎藤みお	@play_0032	BBB	FFF	
坂本みずき	@star_0033	WWW	BBB	RRR
遠藤たいが	@moon_0034	TTT	RRR	
藤井ゆうき	@sun_0035	CCC	JJJ	
青木いつき	@sky_0036	DDD	TTT	
西村ともや	@cat_0037	FFF	GGG	
福田れん	@fox_0038	GGG	WWW	BBB
太田あおい	@bear_0039	JJJ	DDD	KKK
三浦ちひろ	@vrc_0040	AAA		
藤原こはる	@game_0041	JJJ	RRR	TTT
岡本ななみ	@play_0042	GGG	FFF	QQQ
松田さら	@star_0043	FFF	KKK	
中川はると	@moon_0044	DDD	HHH	
竹内はやと	@sun_0045	RRR	YYY	QQQ
金子かいと	@sky_0046	DDD	UUU	CCC
和田まい	@cat_0047	WWW	QQQ	CCC
中野けい	@fox_0048	KKK	AAA	
原田るい	@bear_0049	TTT	YYY	CCC
河野せい	@vrc_0050	UUU	JJJ	DDD
小野りょう	@game_0051	HHH	RRR	CCC
田村ゆう	@play_0052	DDD	FFF	BBB
上田なお	@star_0053	UUU		
新井まさき	@moon_0054	UUU		
丸山ゆうと	@sun_0055	TTT	AAA	FFF
大野ほのか	@sky_0056	AAA	QQQ	
高木ひまり	@cat_0057	TTT	HHH	UUU
菅原そうた	@fox_0058	AAA	BBB	
酒井しょうた	@bear_0059	QQQ	TTT	YYY
宮本ゆうな	@vrc_0060	QQQ	UUU	
安藤ことね	@game_0061	JJJ	TTT	
馬場みなと	@play_0062	DDD	JJJ	CCC
野口けんた	@star_0063	FFF	GGG	
柴田そうま	@moon_0064	TTT	DDD	UUU
島田はるか	@sun_0065	BBB	YYY	CCC
渡部そら	@sky_0066	RRR	TTT	
野村ゆい	@cat_0067	TTT	DDD	
森田りく	@fox_0068	BBB	TTT	
工藤さくら	@bear_0069	AAA		
佐藤あやね	@vrc_0070	BBB	FFF	
鈴木こうき	@game_0071	QQQ	YYY	
高橋みさき	@play_0072	BBB	QQQ	AAA
田中あいり	@star_0073	QQQ	DDD	BBB
伊藤たくみ	@moon_0074	KKK	BBB	
渡辺こうへい	@sun_0075	YYY	FFF	
山本かなで	@sky_0076	BBB	UUU	
中村のぞみ	@cat_0077	GGG	BBB	
小林ましろ	@fox_0078	RRR		
加藤あかり	@bear_0079	GGG	TTT	
吉田れいな	@vrc_0080	YYY	AAA	
山田だいき	@game_0081	RRR	QQQ	AAA
佐々木つむぎ	@play_0082	WWW	UUU	
松本めい	@star_0083	BBB	TTT	HHH
井上ふうか	@moon_0084	JJJ	GGG	
木村りお	@sun_0085	KKK		
林ひなた	@sky_0086	TTT	QQQ	
清水しゅん	@cat_0087	HHH	TTT	
山口みお	@fox_0088	AAA	RRR	
阿部みずき	@bear_0089	HHH	AAA	QQQ
池田たいが	@vrc_0090	HHH	BBB	JJJ
橋本ゆうき	@game_0091	KKK	BBB	
石川いつき	@play_0092	TTT	AAA	JJJ
前田ともや	@star_0093	GGG	CCC	
藤田れん	@moon_0094	UUU	KKK	CCC
小川あおい	@sun_0095	YYY	UUU	
後藤ちひろ	@sky_0096	YYY	KKK	
岡田こはる	@cat_0097	CCC		
長谷川ななみ	@fox_0098	AAA	FFF	
村上さら	@bear_0099	AAA	YYY	WWW
近藤はると	@vrc_0100	FFF		
石井はやと	@game_0101	TTT	HHH	
斎藤かいと	@play_0102	AAA	DDD	
坂本まい	@star_0103	JJJ		
遠藤けい	@moon_0104	QQQ		
藤井るい	@sun_0105	BBB	GGG	QQQ
青木せい	@sky_0106	FFF	BBB	TTT
西村りょう	@cat_0107	FFF	QQQ	
福田ゆう	@fox_0108	FFF	TTT	
太田なお	@bear_0109	TTT	CCC	
三浦まさき	@vrc_0110	YYY	WWW	
藤原ゆうと	@game_0111	GGG	JJJ	
岡本ほのか	@play_0112	CCC	KKK	WWW
松田ひまり	@star_0113	TTT	QQQ	AAA
中川そうた	@moon_0114	FFF	QQQ	
竹内しょうた	@sun_0115	BBB		
金子ゆうな	@sky_0116	JJJ	WWW	
和田ことね	@cat_0117	TTT	BBB	WWW
中野みなと	@fox_0118	KKK	HHH	
原田けんた	@bear_0119	CCC	FFF	
河野そうま	@vrc_0120	UUU	RRR	DDD
小野はるか	@game_0121	HHH		
田村そら	@play_0122	TTT	RRR	
上田ゆい	@star_0123	TTT		
新井りく	@moon_0124	QQQ		
丸山さくら	@sun_0125	YYY	DDD	JJJ
大野あやね	@sky_0126	FFF	BBB	
高木こうき	@cat_0127	BBB	RRR	HHH
菅原みさき	@fox_0128	DDD	KKK	CCC
酒井あいり	@bear_0129	HHH	AAA	QQQ
宮本たくみ	@vrc_0130	HHH	CCC	AAA
安藤こうへい	@game_0131	UUU		
馬場かなで	@play_0132	CCC		
野口のぞみ	@star_0133	KKK		
柴田ましろ	@moon_0134	GGG	DDD	
島田あかり	@sun_0135	QQQ		
渡部れいな	@sky_0136	YYY	JJJ	DDD
野村だいき	@cat_0137	WWW		
森田つむぎ	@fox_0138	JJJ	GGG	
工藤めい	@bear_0139	CCC		
佐藤ふうか	@vrc_0140	TTT	UUU	
鈴木りお	@game_0141	AAA	WWW	BBB
高橋ひなた	@play_0142	RRR	QQQ	WWW
田中しゅん	@star_0143	TTT	HHH	GGG
伊藤みお	@moon_0144	YYY	JJJ	BBB
渡辺みずき	@sun_0145	UUU	TTT	JJJ
山本たいが	@sky_0146	AAA	JJJ	YYY
中村ゆうき	@cat_0147	UUU	GGG	TTT
小林いつき	@fox_0148	YYY	UUU	BBB
加藤ともや	@bear_0149	UUU	YYY	
吉田れん	@vrc_0150	HHH		
山田あおい	@game_0151	KKK		
佐々木ちひろ	@play_0152	HHH	KKK	
松本こはる	@star_0153	HHH	UUU	
井上ななみ	@moon_0154	BBB	AAA	RRR
木村さら	@sun_0155	WWW		
林はると	@sky_0156	QQQ	UUU	
清水はやと	@cat_0157	RRR	DDD	
山口かいと	@fox_0158	HHH	DDD	
阿部まい	@bear_0159	AAA	QQQ	
池田けい	@vrc_0160	CCC	JJJ	FFF
橋本るい	@game_0161	CCC	AAA	QQQ
石川せい	@play_0162	WWW	YYY	
前田りょう	@star_0163	GGG	FFF	DDD
藤田ゆう	@moon_0164	TTT		
小川なお	@sun_0165	CCC	AAA	
後藤まさき	@sky_0166	AAA	DDD	UUU
岡田ゆうと	@cat_0167	YYY	TTT	
長谷川ほのか	@fox_0168	BBB	WWW	GGG
村上ひまり	@bear_0169	RRR		
近藤そうた	@vrc_0170	FFF	WWW	RRR
石井しょうた	@game_0171	YYY	CCC	DDD
斎藤ゆうな	@play_0172	GGG	WWW	
坂本ことね	@star_0173	CCC	DDD	
遠藤みなと	@moon_0174	GGG		
藤井けんた	@sun_0175	GGG	RRR	YYY
青木そうま	@sky_0176	FFF	TTT	CCC
西村はるか	@cat_0177	HHH	AAA	
福田そら	@fox_0178	BBB	GGG	
太田ゆい	@bear_0179	FFF	RRR	WWW
三浦りく	@vrc_0180	KKK	RRR	
藤原さくら	@game_0181	KKK	UUU	
岡本あやね	@play_0182	UUU	YYY	JJJ
松田こうき	@star_0183	CCC	DDD	RRR
中川みさき	@moon_0184	WWW	QQQ	UUU
竹内あいり	@sun_0185	CCC	BBB	
金子たくみ	@sky_0186	JJJ	AAA	HHH
和田こうへい	@cat_0187	KKK	FFF	
中野かなで	@fox_0188	QQQ	KKK	GGG
原田のぞみ	@bear_0189	FFF	BBB	YYY
河野ましろ	@vrc_0190	KKK	GGG	BBB
小野あかり	@game_0191	YYY		
田村れいな	@play_0192	UUU		
上田だいき	@star_0193	TTT	QQQ	UUU
新井つむぎ	@moon_0194	JJJ	UUU	
丸山めい	@sun_0195	DDD	KKK	AAA
大野ふうか	@sky_0196	TTT	HHH	
高木りお	@cat_0197	JJJ		
菅原ひなた	@fox_0198	RRR	DDD	HHH
酒井しゅん	@bear_0199	UUU	KKK	
