ユーザー名,アカウントID,希望キャスト１,希望キャスト２,希望キャスト３
佐藤ほのか,@vrc_0000,柘榴_ざくろ,moku,ニャンツァー
鈴木ひまり,@game_0001,なゆたの,moku,
高橋そうた,@play_0002,moku,,
田中しょうた,@star_0003,ちるちる,ぷりも,ばじばじ
伊藤ゆうな,@moon_0004,ちるちる,,
渡辺ことね,@sun_0005,ふぃり,ぷりも,
山本みなと,@sky_0006,なんこつ,,
中村けんた,@cat_0007,moku,ふぃり,ばじばじ
小林そうま,@fox_0008,ぷりも,ニャンツァー,
加藤はるか,@bear_0009,柘榴_ざくろ,るびちゃ,れあちーず
吉田そら,@vrc_0010,ばじばじ,,
山田ゆい,@game_0011,なゆたの,なんこつ,
佐々木りく,@play_0012,ヌウア,ちるちる,れあちーず
松本さくら,@star_0013,ヌウア,れあちーず,
井上あやね,@moon_0014,ニャンツァー,るびちゃ,
木村こうき,@sun_0015,ばも,,
林みさき,@sky_0016,Diefuku,ばじばじ,
清水あいり,@cat_0017,ニャンツァー,,
山口たくみ,@fox_0018,ぷりも,れあちーず,ヌウア
阿部こうへい,@bear_0019,moku,ちるちる,
池田かなで,@vrc_0020,なんこつ,,
橋本のぞみ,@game_0021,ちるちる,れあちーず,なんこつ
石川ましろ,@play_0022,ばじばじ,ニャンツァー,ばも
前田あかり,@star_0023,ヌウア,なゆたの,Diefuku
藤田れいな,@moon_0024,めび,ニャンツァー,
小川だいき,@sun_0025,めび,Diefuku,ちるちる
後藤つむぎ,@sky_0026,なゆたの,ふぃり,moku
岡田めい,@cat_0027,ばも,ばじばじ,
長谷川ふうか,@fox_0028,Diefuku,めび,
村上りお,@bear_0029,なんこつ,めび,ヌウア
近藤ひなた,@vrc_0030,るびちゃ,柘榴_ざくろ,なんこつ
石井しゅん,@game_0031,るびちゃ,ヌウア,ばじばじ
斎藤みお,@play_0032,なんこつ,ぷりも,
坂本みずき,@star_0033,ヌウア,なんこつ,めび
遠藤たいが,@moon_0034,Diefuku,めび,
藤井ゆうき,@sun_0035,ニャンツァー,なゆたの,
青木いつき,@sky_0036,ふぃり,Diefuku,
西村ともや,@cat_0037,ぷりも,ばじばじ,
福田れん,@fox_0038,ばじばじ,ヌウア,なんこつ
太田あおい,@bear_0039,なゆたの,ふぃり,ばも
三浦ちひろ,@vrc_0040,柘榴_ざくろ,,
藤原こはる,@game_0041,なゆたの,めび,Diefuku
岡本ななみ,@play_0042,ばじばじ,ぷりも,ちるちる
松田さら,@star_0043,ぷりも,ばも,
中川はると,@moon_0044,ふぃり,れあちーず,
竹内はやと,@sun_0045,めび,moku,ちるちる
金子かいと,@sky_0046,ふぃり,るびちゃ,ニャンツァー
和田まい,@cat_0047,ヌウア,ちるちる,ニャンツァー
中野けい,@fox_0048,ばも,柘榴_ざくろ,
原田るい,@bear_0049,Diefuku,moku,ニャンツァー
河野せい,@vrc_0050,るびちゃ,なゆたの,ふぃり
小野りょう,@game_0051,れあちーず,めび,ニャンツァー
田村ゆう,@play_0052,ふぃり,ぷりも,なんこつ
上田なお,@star_0053,るびちゃ,,
新井まさき,@moon_0054,るびちゃ,,
丸山ゆうと,@sun_0055,Diefuku,柘榴_ざくろ,ぷりも
大野ほのか,@sky_0056,柘榴_ざくろ,ちるちる,
高木ひまり,@cat_0057,Diefuku,れあちーず,るびちゃ
菅原そうた,@fox_0058,柘榴_ざくろ,なんこつ,
酒井しょうた,@bear_0059,ちるちる,Diefuku,moku
宮本ゆうな,@vrc_0060,ちるちる,るびちゃ,
安藤ことね,@game_0061,なゆたの,Diefuku,
馬場みなと,@play_0062,ふぃり,なゆたの,ニャンツァー
野口けんた,@star_0063,ぷりも,ばじばじ,
柴田そうま,@moon_0064,Diefuku,ふぃり,るびちゃ
島田はるか,@sun_0065,なんこつ,moku,ニャンツァー
渡部そら,@sky_0066,めび,Diefuku,
野村ゆい,@cat_0067,Diefuku,ふぃり,
森田りく,@fox_0068,なんこつ,Diefuku,
工藤さくら,@bear_0069,柘榴_ざくろ,,
佐藤あやね,@vrc_0070,なんこつ,ぷりも,
鈴木こうき,@game_0071,ちるちる,moku,
高橋みさき,@play_0072,なんこつ,ちるちる,柘榴_ざくろ
田中あいり,@star_0073,ちるちる,ふぃり,なんこつ
伊藤たくみ,@moon_0074,ばも,なんこつ,
渡辺こうへい,@sun_0075,moku,ぷりも,
山本かなで,@sky_0076,なんこつ,るびちゃ,
中村のぞみ,@cat_0077,ばじばじ,なんこつ,
小林ましろ,@fox_0078,めび,,
加藤あかり,@bear_0079,ばじばじ,Diefuku,
吉田れいな,@vrc_0080,moku,柘榴_ざくろ,
山田だいき,@game_0081,めび,ちるちる,柘榴_ざくろ
佐々木つむぎ,@play_0082,ヌウア,るびちゃ,
松本めい,@star_0083,なんこつ,Diefuku,れあちーず
井上ふうか,@moon_0084,なゆたの,ばじばじ,
木村りお,@sun_0085,ばも,,
林ひなた,@sky_0086,Diefuku,ちるちる,
清水しゅん,@cat_0087,れあちーず,Diefuku,
山口みお,@fox_0088,柘榴_ざくろ,めび,
阿部みずき,@bear_0089,れあちーず,柘榴_ざくろ,ちるちる
池田たいが,@vrc_0090,れあちーず,なんこつ,なゆたの
橋本ゆうき,@game_0091,ばも,なんこつ,
石川いつき,@play_0092,Diefuku,柘榴_ざくろ,なゆたの
前田ともや,@star_0093,ばじばじ,ニャンツァー,
藤田れん,@moon_0094,るびちゃ,ばも,ニャンツァー
小川あおい,@sun_0095,moku,るびちゃ,
後藤ちひろ,@sky_0096,moku,ばも,
岡田こはる,@cat_0097,ニャンツァー,,
長谷川ななみ,@fox_0098,柘榴_ざくろ,ぷりも,
村上さら,@bear_0099,柘榴_ざくろ,moku,ヌウア
近藤はると,@vrc_0100,ぷりも,,
石井はやと,@game_0101,Diefuku,れあちーず,
斎藤かいと,@play_0102,柘榴_ざくろ,ふぃり,
坂本まい,@star_0103,なゆたの,,
遠藤けい,@moon_0104,ちるちる,,
藤井るい,@sun_0105,なんこつ,ばじばじ,ちるちる
青木せい,@sky_0106,ぷりも,なんこつ,Diefuku
西村りょう,@cat_0107,ぷりも,ちるちる,
福田ゆう,@fox_0108,ぷりも,Diefuku,
太田なお,@bear_0109,Diefuku,ニャンツァー,
三浦まさき,@vrc_0110,moku,ヌウア,
藤原ゆうと,@game_0111,ばじばじ,なゆたの,
岡本ほのか,@play_0112,ニャンツァー,ばも,ヌウア
松田ひまり,@star_0113,Diefuku,ちるちる,柘榴_ざくろ
中川そうた,@moon_0114,ぷりも,ちるちる,
竹内しょうた,@sun_0115,なんこつ,,
金子ゆうな,@sky_0116,なゆたの,ヌウア,
和田ことね,@cat_0117,Diefuku,なんこつ,ヌウア
中野みなと,@fox_0118,ばも,れあちーず,
原田けんた,@bear_0119,ニャンツァー,ぷりも,
河野そうま,@vrc_0120,るびちゃ,めび,ふぃり
小野はるか,@game_0121,れあちーず,,
田村そら,@play_0122,Diefuku,めび,
上田ゆい,@star_0123,Diefuku,,
新井りく,@moon_0124,ちるちる,,
丸山さくら,@sun_0125,moku,ふぃり,なゆたの
大野あやね,@sky_0126,ぷりも,なんこつ,
高木こうき,@cat_0127,なんこつ,めび,れあちーず
菅原みさき,@fox_0128,ふぃり,ばも,ニャンツァー
酒井あいり,@bear_0129,れあちーず,柘榴_ざくろ,ちるちる
宮本たくみ,@vrc_0130,れあちーず,ニャンツァー,柘榴_ざくろ
安藤こうへい,@game_0131,るびちゃ,,
馬場かなで,@play_0132,ニャンツァー,,
野口のぞみ,@star_0133,ばも,,
柴田ましろ,@moon_0134,ばじばじ,ふぃり,
島田あかり,@sun_0135,ちるちる,,
渡部れいな,@sky_0136,moku,なゆたの,ふぃり
野村だいき,@cat_0137,ヌウア,,
森田つむぎ,@fox_0138,なゆたの,ばじばじ,
工藤めい,@bear_0139,ニャンツァー,,
佐藤ふうか,@vrc_0140,Diefuku,るびちゃ,
鈴木りお,@game_0141,柘榴_ざくろ,ヌウア,なんこつ
高橋ひなた,@play_0142,めび,ちるちる,ヌウア
田中しゅん,@star_0143,Diefuku,れあちーず,ばじばじ
伊藤みお,@moon_0144,moku,なゆたの,なんこつ
渡辺みずき,@sun_0145,るびちゃ,Diefuku,なゆたの
山本たいが,@sky_0146,柘榴_ざくろ,なゆたの,moku
中村ゆうき,@cat_0147,るびちゃ,ばじばじ,Diefuku
小林いつき,@fox_0148,moku,るびちゃ,なんこつ
加藤ともや,@bear_0149,るびちゃ,moku,
吉田れん,@vrc_0150,れあちーず,,
山田あおい,@game_0151,ばも,,
佐々木ちひろ,@play_0152,れあちーず,ばも,
松本こはる,@star_0153,れあちーず,るびちゃ,
井上ななみ,@moon_0154,なんこつ,柘榴_ざくろ,めび
木村さら,@sun_0155,ヌウア,,
林はると,@sky_0156,ちるちる,るびちゃ,
清水はやと,@cat_0157,めび,ふぃり,
山口かいと,@fox_0158,れあちーず,ふぃり,
阿部まい,@bear_0159,柘榴_ざくろ,ちるちる,
池田けい,@vrc_0160,ニャンツァー,なゆたの,ぷりも
橋本るい,@game_0161,ニャンツァー,柘榴_ざくろ,ちるちる
石川せい,@play_0162,ヌウア,moku,
前田りょう,@star_0163,ばじばじ,ぷりも,ふぃり
藤田ゆう,@moon_0164,Diefuku,,
小川なお,@sun_0165,ニャンツァー,柘榴_ざくろ,
後藤まさき,@sky_0166,柘榴_ざくろ,ふぃり,るびちゃ
岡田ゆうと,@cat_0167,moku,Diefuku,
長谷川ほのか,@fox_0168,なんこつ,ヌウア,ばじばじ
村上ひまり,@bear_0169,めび,,
近藤そうた,@vrc_0170,ぷりも,ヌウア,めび
石井しょうた,@game_0171,moku,ニャンツァー,ふぃり
斎藤ゆうな,@play_0172,ばじばじ,ヌウア,
坂本ことね,@star_0173,ニャンツァー,ふぃり,
遠藤みなと,@moon_0174,ばじばじ,,
藤井けんた,@sun_0175,ばじばじ,めび,moku
青木そうま,@sky_0176,ぷりも,Diefuku,ニャンツァー
西村はるか,@cat_0177,れあちーず,柘榴_ざくろ,
福田そら,@fox_0178,なんこつ,ばじばじ,
太田ゆい,@bear_0179,ぷりも,めび,ヌウア
三浦りく,@vrc_0180,ばも,めび,
藤原さくら,@game_0181,ばも,るびちゃ,
岡本あやね,@play_0182,るびちゃ,moku,なゆたの
松田こうき,@star_0183,ニャンツァー,ふぃり,めび
中川みさき,@moon_0184,ヌウア,ちるちる,るびちゃ
竹内あいり,@sun_0185,ニャンツァー,なんこつ,
金子たくみ,@sky_0186,なゆたの,柘榴_ざくろ,れあちーず
和田こうへい,@cat_0187,ばも,ぷりも,
中野かなで,@fox_0188,ちるちる,ばも,ばじばじ
原田のぞみ,@bear_0189,ぷりも,なんこつ,moku
河野ましろ,@vrc_0190,ばも,ばじばじ,なんこつ
小野あかり,@game_0191,moku,,
田村れいな,@play_0192,るびちゃ,,
上田だいき,@star_0193,Diefuku,ちるちる,るびちゃ
新井つむぎ,@moon_0194,なゆたの,るびちゃ,
丸山めい,@sun_0195,ふぃり,ばも,柘榴_ざくろ
大野ふうか,@sky_0196,Diefuku,れあちーず,
高木りお,@cat_0197,なゆたの,,
菅原ひなた,@fox_0198,めび,ふぃり,れあちーず
酒井しゅん,@bear_0199,るびちゃ,ばも,
